2026-10-06T20:42:46Z	6ac55d46404719ba37663050	answerdotai/ModernBERT-base	
2026-10-06T20:42:47Z	6ac55d47404719ba37663053	jhu-clsp/ettin-encoder-150m	
2026-10-06T20:42:48Z	6ac55d48fbc85ba6823b95f2	jhu-clsp/ettin-encoder-32m	
2026-10-06T20:42:49Z	6ac55d49fbc85ba6823b95f6	ibm-granite/granite-embedding-97m-multilingual-r2	
2026-10-06T20:42:50Z	6ac55d4afbc85ba6823b95f8	LiquidAI/LFM2.5-Encoder-230M	--trust-remote-code
2026-10-06T20:42:51Z	6ac55d4bfbc85ba6823b95fa	Hcompany/NeoMME-260M	--trust-remote-code
2026-10-06T20:42:53Z	6ac55d4d404719ba3766305b	microsoft/harrier-oss-v1-270m	--context-first
2026-10-06T20:42:54Z	6ac55d4e404719ba3766305d	codefuse-ai/F2LLM-v2-80M	--context-first
2026-10-06T20:42:55Z	6ac55d4ffbc85ba6823b9603	MaziyarPanahi/ModernJEV-Decide-Preview	
2026-10-06T20:42:56Z	6ac55d50fbc85ba6823b9605	jhu-clsp/ettin-encoder-150m	--arch two_tower
2026-10-06T20:42:57Z	6ac55d51404719ba37663063	jhu-clsp/mmBERT-small	
2026-10-06T20:42:58Z	6ac55d52fbc85ba6823b9607	Alibaba-NLP/gte-modernbert-base	
